age,income,spending_score,loyalty_years,purchases
19.0,78589.0,7.5,4.0,16.0
,43268.0,3.52,6.0,1.0
42.0,36503.0,,1.0,43.0
35.0,60164.0,72.75,7.0,19.0
23.0,61388.0,20.08,5.0,13.0
56.0,41087.0,61.16,5.0,18.0
34.0,,75.18,9.0,26.0
34.0,43936.0,6.31,5.0,2.0
20.0,49391.0,37.64,3.0,
18.0,31148.0,86.94,,24.0
47.0,74324.0,81.23,5.0,48.0
63.0,40175.0,99.55,4.0,37.0
27.0,55679.0,23.9,1.0,21.0
22.0,11102.0,65.77,5.0,39.0
37.0,73941.0,92.63,0.0,35.0
59.0,,45.74,6.0,16.0
38.0,52541.0,58.53,9.0,24.0
58.0,28857.0,21.63,3.0,10.0
40.0,43104.0,1.06,4.0,26.0
,,30.18,9.0,32.0
25.0,39359.0,74.62,1.0,8.0
29.0,52769.0,84.21,,
25.0,62785.0,91.17,5.0,21.0
,90102.0,18.49,8.0,3.0
38.0,,32.82,,42.0
41.0,58242.0,73.05,10.0,1.0
26.0,59722.0,24.02,7.0,27.0
33.0,38768.0,13.9,1.0,28.0
,36727.0,18.25,7.0,33.0
43.0,50006.0,18.88,3.0,6.0
46.0,,38.05,1.0,31.0
60.0,36473.0,,1.0,
54.0,,12.21,0.0,
24.0,,,1.0,34.0
40.0,52361.0,57.22,6.0,23.0
20.0,61009.0,13.71,8.0,23.0
27.0,41522.0,82.36,4.0,12.0
32.0,36581.0,38.23,3.0,21.0
54.0,60455.0,24.88,,37.0
21.0,55804.0,57.26,8.0,20.0
21.0,36314.0,23.68,1.0,1.0
33.0,,35.44,7.0,22.0
59.0,45876.0,59.96,8.0,6.0
53.0,71439.0,96.78,7.0,19.0
38.0,46184.0,51.28,9.0,40.0
25.0,34172.0,39.29,,18.0
54.0,37460.0,14.2,9.0,2.0
51.0,53102.0,34.66,2.0,4.0
18.0,56904.0,50.28,4.0,20.0
53.0,49180.0,40.3,1.0,
45.0,47499.0,4.81,3.0,4.0
31.0,75584.0,27.4,,
34.0,37335.0,71.91,9.0,29.0
34.0,64335.0,,10.0,3.0
19.0,,12.92,2.0,24.0
60.0,26815.0,79.19,7.0,16.0
56.0,60877.0,44.93,8.0,38.0
34.0,44519.0,45.76,,
,67917.0,,1.0,19.0
62.0,56160.0,61.02,2.0,39.0
43.0,35876.0,1.05,0.0,45.0
25.0,39450.0,28.59,2.0,39.0
26.0,41560.0,,9.0,3.0
44.0,39822.0,1.19,8.0,40.0
,60080.0,87.84,0.0,7.0
51.0,58352.0,74.94,0.0,19.0
53.0,61276.0,,3.0,18.0
,35051.0,8.68,,
63.0,65912.0,,8.0,36.0
35.0,25283.0,28.23,2.0,17.0
47.0,53224.0,57.46,0.0,4.0
43.0,88190.0,54.56,2.0,29.0
,54681.0,11.28,7.0,15.0
61.0,27311.0,90.16,5.0,17.0
61.0,40125.0,19.93,8.0,
26.0,29166.0,68.72,4.0,13.0
24.0,70502.0,38.29,6.0,9.0
30.0,,35.02,5.0,5.0
24.0,43590.0,29.64,,15.0
19.0,20840.0,,6.0,25.0
27.0,43783.0,47.25,8.0,12.0
54.0,17517.0,,6.0,49.0
61.0,38488.0,,,20.0
36.0,43662.0,50.54,10.0,
35.0,53030.0,33.57,8.0,42.0
36.0,55675.0,30.59,0.0,22.0
33.0,62043.0,47.22,3.0,26.0
,30596.0,46.99,6.0,27.0
33.0,36393.0,,,1.0
37.0,41268.0,54.75,,22.0
,73185.0,,5.0,29.0
31.0,53114.0,96.77,7.0,13.0
63.0,37099.0,,6.0,33.0
23.0,63552.0,47.13,4.0,21.0
58.0,66360.0,,10.0,20.0
50.0,34302.0,,9.0,46.0
45.0,59438.0,44.06,10.0,40.0
28.0,41739.0,6.92,0.0,4.0
27.0,50041.0,80.86,10.0,24.0
,50658.0,83.74,8.0,16.0
28.0,47288.0,52.17,0.0,27.0
,42246.0,72.42,,7.0
53.0,46509.0,66.66,,19.0
27.0,55224.0,23.56,5.0,31.0
55.0,26932.0,36.28,6.0,45.0
44.0,53081.0,0.13,0.0,33.0
59.0,47320.0,59.28,10.0,25.0
57.0,66129.0,35.15,5.0,
25.0,36999.0,5.91,1.0,6.0
44.0,41895.0,97.6,10.0,18.0
41.0,46094.0,22.57,3.0,7.0
57.0,48077.0,49.92,9.0,41.0
59.0,48238.0,30.72,2.0,16.0
32.0,,31.48,9.0,41.0
26.0,52220.0,43.1,2.0,42.0
30.0,37450.0,26.51,2.0,31.0
,51271.0,3.77,1.0,
41.0,62889.0,68.05,8.0,33.0
40.0,44456.0,44.54,8.0,48.0
37.0,39474.0,8.76,1.0,33.0
43.0,23627.0,62.11,10.0,40.0
28.0,57428.0,33.28,8.0,7.0
29.0,60157.0,17.22,8.0,9.0
63.0,39915.0,72.8,1.0,10.0
32.0,49927.0,41.83,,41.0
49.0,56508.0,44.07,7.0,37.0
54.0,42808.0,82.74,5.0,3.0
22.0,37170.0,37.38,3.0,5.0
39.0,68138.0,73.79,1.0,17.0
61.0,28616.0,25.9,9.0,42.0
51.0,70777.0,17.96,9.0,4.0
40.0,29817.0,38.21,9.0,32.0
30.0,41084.0,32.74,3.0,
56.0,,22.03,9.0,39.0
63.0,66602.0,47.41,10.0,45.0
,60643.0,93.06,10.0,28.0
,58689.0,4.53,6.0,33.0
43.0,65980.0,77.32,,43.0
,35897.0,36.36,9.0,47.0
30.0,40334.0,7.83,0.0,19.0
34.0,62903.0,94.1,2.0,18.0
33.0,48035.0,67.89,3.0,23.0
30.0,62636.0,96.16,3.0,27.0
51.0,70540.0,71.66,10.0,36.0
62.0,,31.5,2.0,8.0
51.0,,70.55,0.0,26.0
35.0,51295.0,67.28,10.0,39.0
52.0,17572.0,59.86,2.0,
34.0,53737.0,57.39,5.0,2.0
53.0,67065.0,5.73,3.0,26.0
51.0,57057.0,71.45,5.0,32.0
31.0,36512.0,31.37,8.0,16.0
57.0,51371.0,80.29,8.0,42.0
18.0,54011.0,30.71,,13.0
44.0,49193.0,52.04,6.0,45.0
,,43.12,7.0,43.0
46.0,56730.0,10.38,10.0,14.0
57.0,,79.2,8.0,36.0
61.0,51885.0,32.43,3.0,47.0
49.0,32320.0,57.08,10.0,47.0
32.0,29248.0,52.71,10.0,24.0
52.0,40068.0,31.19,10.0,
43.0,53025.0,11.41,8.0,16.0
34.0,39479.0,,4.0,15.0
,56647.0,63.49,7.0,15.0
64.0,43822.0,87.39,6.0,14.0
29.0,23059.0,,7.0,13.0
,62241.0,49.21,3.0,30.0
,37663.0,73.87,9.0,
21.0,59819.0,10.82,7.0,20.0
61.0,51696.0,,,19.0
21.0,26526.0,82.92,7.0,19.0
37.0,82992.0,88.59,10.0,10.0
,,26.45,7.0,
51.0,28331.0,1.29,4.0,3.0
19.0,54150.0,69.4,0.0,48.0
46.0,11391.0,7.74,3.0,21.0
,33519.0,78.9,6.0,42.0
28.0,62846.0,79.57,9.0,
19.0,34549.0,6.31,3.0,21.0
26.0,55173.0,23.04,10.0,6.0
25.0,72819.0,8.1,,25.0
20.0,62888.0,6.74,10.0,32.0
47.0,64177.0,91.58,5.0,12.0
37.0,49245.0,44.15,5.0,4.0
31.0,61089.0,53.15,0.0,
,41439.0,23.14,6.0,25.0
51.0,36517.0,62.55,6.0,7.0
59.0,54789.0,98.77,7.0,44.0
20.0,51935.0,45.12,9.0,33.0
58.0,46514.0,19.44,9.0,
55.0,37099.0,,1.0,23.0
,85455.0,81.24,6.0,37.0
42.0,46672.0,36.33,9.0,
59.0,,82.94,8.0,46.0
23.0,,57.9,9.0,22.0
27.0,,45.16,2.0,1.0
52.0,80626.0,66.26,1.0,45.0
28.0,49435.0,72.07,4.0,6.0
24.0,23259.0,74.87,1.0,37.0
53.0,40484.0,67.16,6.0,38.0
46.0,44357.0,86.86,,48.0
30.0,55269.0,75.68,7.0,3.0
50.0,78785.0,74.48,3.0,18.0
,49700.0,18.93,10.0,25.0
29.0,76867.0,69.67,8.0,44.0
33.0,55479.0,85.16,6.0,5.0
23.0,67547.0,,7.0,46.0
32.0,51556.0,29.64,0.0,36.0
23.0,76453.0,7.75,8.0,35.0
45.0,27695.0,91.07,9.0,1.0
62.0,36426.0,57.72,,32.0
35.0,44070.0,49.6,8.0,27.0
58.0,51309.0,44.24,8.0,26.0
64.0,49598.0,44.23,1.0,13.0
64.0,48745.0,,4.0,
36.0,42844.0,27.55,0.0,28.0
,36835.0,,4.0,2.0
54.0,52786.0,70.04,,32.0
46.0,44982.0,27.99,4.0,16.0
62.0,64836.0,13.77,,29.0
22.0,31248.0,99.75,,
42.0,57449.0,5.26,,47.0
28.0,33620.0,68.38,3.0,
62.0,77767.0,5.29,6.0,46.0
38.0,60230.0,30.18,7.0,6.0
62.0,9288.0,,9.0,2.0
28.0,,81.31,4.0,1.0
51.0,75876.0,50.37,10.0,19.0
43.0,31813.0,39.69,8.0,18.0
56.0,65045.0,78.16,0.0,33.0
41.0,30070.0,91.15,2.0,18.0
35.0,44502.0,62.12,5.0,13.0
,49446.0,3.88,7.0,45.0
35.0,23750.0,52.34,10.0,28.0
20.0,36825.0,69.39,7.0,
,29632.0,44.46,1.0,26.0
,16645.0,85.48,9.0,21.0
45.0,51889.0,75.28,0.0,35.0
,24671.0,88.65,10.0,9.0
57.0,37012.0,55.36,7.0,20.0
62.0,66145.0,64.68,,
63.0,,27.83,6.0,
,60080.0,87.84,0.0,7.0
63.0,,25.34,,15.0
30.0,55965.0,7.23,1.0,
40.0,31613.0,27.17,0.0,5.0
61.0,44244.0,16.26,3.0,9.0
51.0,62134.0,40.18,4.0,45.0
51.0,70949.0,4.71,2.0,19.0
52.0,,63.07,4.0,40.0
62.0,62167.0,40.51,0.0,30.0
,39219.0,83.98,0.0,30.0
49.0,25080.0,22.67,1.0,23.0
61.0,,49.22,8.0,1.0
25.0,49802.0,16.36,1.0,8.0
22.0,36945.0,69.66,1.0,42.0
23.0,42794.0,11.42,10.0,9.0
52.0,74592.0,55.31,2.0,33.0
23.0,46794.0,92.41,5.0,13.0
24.0,57049.0,65.3,,1.0
39.0,23857.0,,7.0,3.0
27.0,83596.0,32.63,4.0,16.0
31.0,70170.0,71.56,2.0,26.0
,37484.0,68.91,5.0,40.0
30.0,81934.0,13.54,,19.0
,29270.0,,6.0,38.0
,60298.0,35.98,10.0,41.0
18.0,,97.7,10.0,37.0
59.0,52248.0,59.64,,33.0
61.0,70856.0,99.38,1.0,6.0
,29270.0,,6.0,38.0
47.0,55339.0,71.12,,22.0
34.0,,,3.0,19.0
27.0,56729.0,75.18,3.0,35.0
45.0,26586.0,17.73,6.0,13.0
20.0,56509.0,75.63,6.0,34.0
50.0,75344.0,1.84,1.0,5.0
46.0,67433.0,86.62,1.0,19.0
43.0,52493.0,,2.0,24.0
63.0,46736.0,70.43,9.0,
34.0,52709.0,15.96,8.0,22.0
35.0,,17.6,3.0,7.0
30.0,58698.0,36.7,0.0,42.0
54.0,32153.0,18.35,10.0,41.0
43.0,35457.0,1.36,4.0,3.0
42.0,41979.0,85.22,5.0,25.0
34.0,60518.0,92.11,8.0,40.0
44.0,60157.0,28.14,,25.0
37.0,80525.0,32.23,3.0,
30.0,33465.0,84.43,9.0,13.0
51.0,68347.0,21.37,3.0,31.0
29.0,65933.0,74.4,9.0,35.0
53.0,26094.0,80.56,9.0,19.0
54.0,54569.0,11.9,9.0,30.0
24.0,48484.0,63.1,2.0,10.0
30.0,45592.0,90.97,8.0,4.0
45.0,53028.0,73.29,3.0,35.0
46.0,,20.66,10.0,47.0
56.0,76731.0,,2.0,18.0
41.0,53536.0,77.04,1.0,38.0
34.0,59235.0,95.21,2.0,5.0
18.0,42431.0,20.15,0.0,46.0
60.0,66894.0,6.89,1.0,31.0
23.0,43399.0,,1.0,31.0
42.0,59802.0,98.39,4.0,43.0
50.0,86836.0,40.77,,15.0
55.0,61371.0,17.71,1.0,
25.0,33619.0,73.0,7.0,16.0
43.0,34039.0,16.99,2.0,11.0
21.0,69624.0,56.9,0.0,23.0
26.0,75331.0,38.78,6.0,19.0
47.0,25449.0,21.52,2.0,45.0
37.0,53441.0,2.88,3.0,49.0
59.0,47991.0,25.64,6.0,2.0
62.0,,25.18,0.0,47.0
61.0,66341.0,,8.0,43.0
,21793.0,16.06,6.0,43.0
25.0,45693.0,53.5,0.0,3.0
46.0,46401.0,,4.0,37.0
34.0,42902.0,56.19,7.0,
23.0,,66.43,5.0,44.0
26.0,33773.0,,3.0,26.0
26.0,20091.0,,10.0,28.0
61.0,59153.0,61.44,1.0,12.0
20.0,53840.0,84.5,6.0,19.0
61.0,64038.0,82.59,0.0,41.0
28.0,83851.0,40.79,8.0,4.0
37.0,42452.0,,6.0,48.0
34.0,55496.0,65.29,10.0,37.0
31.0,39375.0,57.82,9.0,29.0
51.0,69651.0,12.75,0.0,18.0
23.0,,19.43,0.0,38.0
,47513.0,18.29,3.0,45.0
62.0,29349.0,56.46,10.0,32.0
44.0,37419.0,35.61,,22.0
24.0,50810.0,11.12,9.0,
36.0,,7.08,8.0,43.0
18.0,88202.0,47.72,10.0,30.0
26.0,44465.0,98.58,4.0,12.0
63.0,49925.0,22.6,5.0,23.0
57.0,52366.0,57.58,9.0,
,75912.0,,10.0,48.0
59.0,59970.0,6.18,4.0,12.0
45.0,,40.23,2.0,5.0
34.0,79806.0,12.49,6.0,21.0
53.0,55595.0,61.45,6.0,33.0
55.0,41605.0,95.28,10.0,24.0
44.0,74422.0,25.51,,29.0
53.0,,66.54,1.0,
50.0,47953.0,44.55,4.0,47.0
25.0,70504.0,89.84,1.0,3.0
34.0,62962.0,46.91,10.0,43.0
38.0,28589.0,81.83,4.0,7.0
54.0,74552.0,,7.0,8.0
49.0,69461.0,86.22,,
57.0,46386.0,10.14,,13.0
,52331.0,39.79,,5.0
53.0,36950.0,34.53,9.0,7.0
55.0,52012.0,90.8,9.0,31.0
42.0,47875.0,51.45,2.0,37.0
59.0,39557.0,50.25,0.0,10.0
41.0,33782.0,64.37,0.0,34.0
,,0.54,5.0,39.0
47.0,61607.0,32.57,5.0,9.0
25.0,71850.0,6.39,4.0,47.0
22.0,49724.0,52.32,5.0,32.0
23.0,68275.0,78.48,0.0,8.0
47.0,53336.0,66.8,2.0,4.0
36.0,36171.0,95.72,4.0,14.0
57.0,40711.0,21.23,0.0,30.0
38.0,65438.0,78.32,8.0,1.0
43.0,,63.02,9.0,14.0
23.0,65573.0,5.38,,35.0
41.0,,20.18,1.0,
40.0,61236.0,18.21,8.0,44.0
27.0,22422.0,53.41,9.0,9.0
34.0,24313.0,53.7,5.0,
,62360.0,14.34,7.0,29.0
22.0,51027.0,14.11,4.0,19.0
25.0,,4.62,5.0,25.0
18.0,,31.97,6.0,
50.0,54097.0,3.44,8.0,27.0
50.0,,61.92,10.0,27.0
40.0,,19.88,5.0,43.0
18.0,49947.0,36.04,5.0,20.0
35.0,53092.0,27.77,7.0,11.0
33.0,73795.0,56.62,2.0,6.0
19.0,45498.0,41.14,3.0,13.0
49.0,,25.11,8.0,48.0
62.0,60004.0,60.32,0.0,41.0
33.0,49276.0,25.25,6.0,26.0
42.0,39009.0,88.71,7.0,
58.0,13491.0,99.66,,8.0
21.0,63383.0,35.18,9.0,3.0
41.0,29359.0,,8.0,10.0
23.0,26757.0,52.36,2.0,29.0
61.0,56258.0,48.23,6.0,6.0
60.0,36449.0,47.54,,30.0
23.0,67298.0,48.03,1.0,17.0
37.0,27008.0,99.47,9.0,29.0
21.0,59544.0,82.98,8.0,2.0
40.0,53271.0,75.31,,11.0
56.0,67815.0,34.34,1.0,14.0
,47652.0,10.44,0.0,35.0
62.0,40959.0,22.03,1.0,
54.0,55319.0,75.06,3.0,31.0
42.0,60968.0,54.46,7.0,
43.0,40934.0,3.59,2.0,33.0
42.0,34651.0,31.46,2.0,33.0
50.0,29022.0,43.57,8.0,16.0
46.0,66399.0,61.88,8.0,43.0
,40105.0,17.28,0.0,1.0
21.0,63965.0,26.45,1.0,14.0
28.0,13889.0,97.33,5.0,7.0
40.0,25174.0,,9.0,4.0
52.0,61203.0,52.54,2.0,18.0
64.0,52708.0,44.01,,44.0
,51975.0,29.8,1.0,33.0
37.0,55849.0,65.21,2.0,46.0
46.0,62958.0,,5.0,14.0
50.0,43359.0,,10.0,35.0
62.0,55701.0,73.09,4.0,29.0
40.0,49265.0,51.81,3.0,
47.0,,47.42,2.0,27.0
24.0,40006.0,21.91,8.0,26.0
37.0,,,4.0,10.0
47.0,,,2.0,49.0
,,,3.0,31.0
59.0,35467.0,,0.0,1.0
35.0,70181.0,85.96,0.0,
28.0,40771.0,84.0,5.0,41.0
42.0,55592.0,54.69,,14.0
28.0,44259.0,5.27,9.0,32.0
64.0,36359.0,,2.0,
53.0,36683.0,52.19,2.0,
42.0,45351.0,48.56,6.0,39.0
22.0,39390.0,99.41,10.0,2.0
18.0,57794.0,67.28,8.0,42.0
63.0,,51.32,,26.0
41.0,66709.0,85.56,7.0,37.0
33.0,69059.0,76.89,5.0,26.0
64.0,61912.0,27.16,3.0,47.0
42.0,51291.0,81.05,1.0,4.0
60.0,40166.0,30.33,,48.0
60.0,44053.0,7.92,8.0,
52.0,51302.0,87.06,4.0,18.0
32.0,71692.0,,3.0,18.0
31.0,72403.0,95.21,1.0,24.0
23.0,55859.0,95.25,,26.0
38.0,,96.32,1.0,36.0
44.0,37925.0,13.23,0.0,28.0
31.0,57952.0,23.96,,43.0
48.0,50409.0,34.99,,48.0
38.0,62651.0,26.6,3.0,37.0
28.0,58191.0,22.94,1.0,6.0
,46636.0,80.84,3.0,25.0
47.0,45750.0,64.1,,18.0
42.0,45965.0,19.03,9.0,34.0
46.0,50423.0,60.55,3.0,
25.0,64830.0,5.43,0.0,25.0
42.0,55510.0,26.18,0.0,
,45639.0,71.5,1.0,32.0
38.0,25848.0,19.96,8.0,10.0
28.0,69603.0,71.47,8.0,31.0
59.0,31439.0,82.04,6.0,17.0
61.0,79328.0,44.02,4.0,3.0
50.0,42796.0,77.78,8.0,36.0
40.0,64352.0,40.91,5.0,
24.0,50541.0,29.88,9.0,42.0
28.0,73340.0,19.02,8.0,41.0
34.0,88002.0,10.28,,5.0
20.0,40165.0,5.71,7.0,40.0
51.0,43840.0,39.68,10.0,8.0
55.0,70037.0,7.09,5.0,43.0
43.0,,91.69,6.0,39.0
18.0,54551.0,2.41,2.0,23.0
48.0,,42.35,8.0,
40.0,51592.0,11.54,3.0,42.0
,52773.0,24.18,10.0,20.0
43.0,80687.0,95.39,4.0,29.0
,46379.0,78.17,5.0,15.0
32.0,53079.0,54.14,,5.0
,46767.0,81.21,3.0,30.0
33.0,27561.0,38.4,4.0,9.0
49.0,41628.0,41.63,9.0,22.0
53.0,22134.0,98.23,10.0,19.0
42.0,57918.0,43.2,7.0,20.0
19.0,52127.0,0.73,2.0,13.0
,47804.0,17.19,9.0,49.0
33.0,,82.06,7.0,22.0
30.0,55626.0,44.45,1.0,27.0
29.0,33141.0,73.02,6.0,13.0
53.0,71704.0,17.19,2.0,41.0
49.0,56810.0,85.1,9.0,
49.0,61013.0,40.42,7.0,4.0
,84007.0,29.99,5.0,14.0
31.0,62562.0,,5.0,24.0
24.0,56243.0,78.03,10.0,17.0
33.0,51246.0,67.85,4.0,33.0
42.0,50435.0,56.69,10.0,39.0
42.0,42253.0,21.09,9.0,37.0
,54687.0,32.31,7.0,22.0
63.0,49219.0,99.19,5.0,
49.0,55614.0,2.4,,8.0
60.0,31922.0,87.88,5.0,
36.0,33920.0,52.42,10.0,8.0
47.0,45813.0,65.47,1.0,31.0
,60298.0,35.98,10.0,41.0
,74176.0,,7.0,23.0
49.0,47910.0,,9.0,16.0
19.0,47062.0,61.2,6.0,13.0
34.0,,98.31,2.0,34.0
44.0,49070.0,89.94,1.0,15.0
29.0,18898.0,68.88,4.0,8.0
41.0,46987.0,,,43.0
,78514.0,92.22,6.0,37.0
44.0,54815.0,77.15,1.0,31.0
33.0,24618.0,35.66,10.0,
62.0,53957.0,72.69,3.0,
64.0,53201.0,34.33,0.0,25.0
49.0,49672.0,84.38,10.0,5.0
21.0,62493.0,,2.0,6.0
64.0,52114.0,,5.0,49.0
64.0,51996.0,,5.0,19.0
57.0,18057.0,87.27,10.0,33.0
42.0,59589.0,76.03,3.0,46.0
25.0,33568.0,36.59,7.0,21.0
39.0,40002.0,45.93,1.0,13.0
61.0,59996.0,,7.0,38.0
63.0,44346.0,5.91,2.0,35.0
22.0,46456.0,49.95,6.0,3.0
29.0,51723.0,6.8,1.0,9.0
47.0,34744.0,48.92,6.0,47.0
37.0,42163.0,92.43,6.0,1.0
,29174.0,22.36,10.0,41.0
61.0,46302.0,,1.0,31.0
28.0,70607.0,7.68,,41.0
44.0,28239.0,92.62,8.0,43.0
46.0,56766.0,,2.0,43.0
52.0,78234.0,15.49,9.0,17.0
38.0,56001.0,45.97,1.0,
51.0,47887.0,,8.0,43.0
43.0,52493.0,,2.0,24.0
,46742.0,50.81,3.0,26.0
57.0,62017.0,48.92,4.0,35.0
61.0,53675.0,,6.0,17.0
34.0,49929.0,92.81,0.0,29.0
57.0,47989.0,71.54,1.0,11.0
27.0,60413.0,42.0,,48.0
56.0,37985.0,22.01,6.0,22.0
43.0,48400.0,70.89,6.0,15.0
47.0,57130.0,11.33,,31.0
25.0,55600.0,69.04,3.0,9.0
19.0,43093.0,5.38,4.0,4.0
57.0,61045.0,84.57,5.0,16.0
51.0,48272.0,,5.0,17.0
45.0,75827.0,80.38,6.0,3.0
46.0,49600.0,23.03,5.0,28.0
61.0,43812.0,19.5,8.0,19.0
41.0,6126.0,25.54,7.0,12.0
20.0,73436.0,90.55,7.0,41.0
42.0,39153.0,,9.0,5.0
,52605.0,54.26,1.0,35.0
47.0,56301.0,34.48,3.0,47.0
64.0,38707.0,0.71,0.0,48.0
50.0,41571.0,99.55,9.0,10.0
,41439.0,23.14,6.0,25.0
59.0,25797.0,30.46,8.0,33.0
53.0,49762.0,81.96,7.0,31.0
36.0,,,5.0,34.0
59.0,72960.0,69.38,5.0,44.0
30.0,55830.0,31.33,7.0,12.0
55.0,64352.0,42.82,10.0,1.0
48.0,,12.14,8.0,43.0
55.0,55100.0,23.56,5.0,
44.0,52817.0,61.32,,12.0
21.0,36132.0,54.73,3.0,41.0
56.0,45236.0,12.17,5.0,33.0
31.0,,0.27,4.0,
32.0,33778.0,8.2,,26.0
50.0,20781.0,58.92,3.0,
63.0,60909.0,63.61,6.0,5.0
43.0,55788.0,19.69,9.0,37.0
49.0,53397.0,97.98,5.0,10.0
50.0,16952.0,92.41,3.0,14.0
57.0,43572.0,,6.0,49.0
58.0,30755.0,18.12,6.0,13.0
53.0,34895.0,93.4,3.0,13.0
62.0,19706.0,0.63,1.0,43.0
39.0,74615.0,12.86,10.0,44.0
29.0,25153.0,14.82,,42.0
53.0,60527.0,44.48,4.0,9.0
33.0,41897.0,16.25,7.0,31.0
52.0,49967.0,12.46,0.0,45.0
39.0,,86.3,4.0,7.0
50.0,63263.0,10.32,2.0,33.0
55.0,65627.0,45.51,7.0,11.0
24.0,60027.0,79.72,6.0,19.0
62.0,50041.0,16.33,8.0,36.0
52.0,35849.0,1.11,7.0,45.0
23.0,38762.0,60.58,1.0,17.0
20.0,48691.0,0.51,7.0,25.0
,62360.0,14.34,7.0,29.0
57.0,66980.0,85.97,10.0,35.0
31.0,40476.0,58.31,9.0,10.0
29.0,31739.0,44.61,5.0,44.0
42.0,56535.0,,5.0,15.0
,43906.0,36.47,4.0,33.0
63.0,46653.0,,8.0,34.0
37.0,37251.0,91.58,5.0,29.0
31.0,,67.56,8.0,33.0
28.0,53204.0,4.97,0.0,18.0
62.0,66717.0,70.09,0.0,21.0
46.0,53589.0,4.14,10.0,31.0
58.0,60473.0,44.97,4.0,
39.0,79217.0,34.17,6.0,19.0
25.0,44630.0,50.91,3.0,6.0
39.0,25732.0,59.22,9.0,38.0
40.0,54754.0,70.56,1.0,43.0
63.0,30687.0,64.04,0.0,34.0
28.0,64058.0,,,19.0
53.0,30979.0,99.82,6.0,47.0
52.0,55498.0,85.18,10.0,24.0
59.0,45161.0,2.71,0.0,47.0
,,,9.0,26.0
41.0,62889.0,68.05,8.0,33.0
23.0,67547.0,,7.0,46.0
41.0,,17.13,7.0,44.0
56.0,48546.0,55.28,6.0,32.0
45.0,46703.0,61.97,1.0,31.0
34.0,69499.0,75.03,6.0,37.0
19.0,35403.0,31.14,2.0,39.0
29.0,35114.0,83.54,7.0,
43.0,54330.0,,8.0,33.0
42.0,34581.0,89.13,4.0,
28.0,48555.0,15.07,0.0,33.0
53.0,46450.0,11.48,8.0,43.0
43.0,68292.0,22.07,8.0,31.0
46.0,47492.0,37.8,0.0,38.0
29.0,58080.0,68.98,7.0,
58.0,66267.0,76.09,8.0,
57.0,51848.0,68.46,5.0,33.0
64.0,36783.0,61.93,1.0,9.0
33.0,52864.0,13.24,8.0,38.0
62.0,53030.0,45.39,,8.0
52.0,,12.78,10.0,3.0
64.0,70580.0,0.7,3.0,10.0
54.0,54475.0,50.2,3.0,31.0
22.0,30752.0,24.38,0.0,11.0
49.0,,,0.0,17.0
43.0,58404.0,82.03,9.0,15.0
,73340.0,29.54,,45.0
35.0,30680.0,,8.0,33.0
21.0,79158.0,36.16,9.0,12.0
62.0,43292.0,76.8,5.0,4.0
40.0,31905.0,79.13,10.0,29.0
64.0,43564.0,55.19,9.0,32.0
,54546.0,69.93,9.0,2.0
,72420.0,,6.0,
18.0,44901.0,72.89,7.0,13.0
60.0,,4.31,7.0,38.0
34.0,45369.0,54.55,10.0,18.0
45.0,42997.0,20.86,0.0,40.0
44.0,33895.0,6.11,5.0,44.0
50.0,61542.0,86.99,3.0,29.0
32.0,19663.0,14.06,2.0,26.0
58.0,72198.0,0.38,0.0,6.0
36.0,34427.0,68.52,8.0,6.0
52.0,67032.0,45.54,4.0,49.0
50.0,38453.0,38.99,0.0,
51.0,62593.0,27.14,10.0,37.0
44.0,24691.0,96.38,2.0,33.0
59.0,60838.0,53.62,10.0,28.0
40.0,42564.0,11.65,0.0,41.0
56.0,38552.0,43.09,6.0,7.0
48.0,42879.0,35.78,5.0,31.0
58.0,30559.0,13.11,5.0,15.0
23.0,64138.0,9.15,3.0,24.0
64.0,65718.0,82.16,1.0,22.0
54.0,41615.0,3.25,8.0,37.0
29.0,75348.0,68.06,9.0,7.0
45.0,51295.0,,5.0,30.0
44.0,37529.0,93.89,10.0,36.0
,69231.0,40.22,5.0,40.0
53.0,50934.0,49.24,0.0,47.0
59.0,29717.0,9.95,0.0,11.0
41.0,27615.0,5.47,0.0,18.0
45.0,42231.0,88.63,6.0,28.0
48.0,83544.0,60.29,,39.0
47.0,69174.0,46.4,9.0,14.0
43.0,-274.0,42.27,5.0,
20.0,,,1.0,36.0
46.0,74091.0,,1.0,16.0
50.0,,6.67,7.0,45.0
50.0,68717.0,82.8,1.0,2.0
28.0,,11.49,9.0,2.0
61.0,51997.0,79.66,1.0,27.0
,55243.0,17.46,10.0,11.0
45.0,45898.0,,1.0,14.0
39.0,58782.0,73.68,4.0,21.0
61.0,48438.0,5.72,3.0,2.0
37.0,63524.0,,0.0,27.0
31.0,60317.0,80.32,4.0,
53.0,52314.0,70.7,0.0,35.0
52.0,39886.0,39.83,9.0,37.0
29.0,55255.0,99.68,2.0,40.0
31.0,43052.0,22.3,6.0,6.0
21.0,59255.0,69.14,3.0,10.0
,,41.5,9.0,18.0
56.0,30123.0,28.57,1.0,30.0
36.0,,,9.0,38.0
50.0,48836.0,63.2,10.0,5.0
43.0,17731.0,75.15,5.0,31.0
37.0,41092.0,13.05,2.0,3.0
,59513.0,,7.0,18.0
37.0,42453.0,92.37,8.0,7.0
33.0,52345.0,,2.0,16.0
46.0,55396.0,35.08,9.0,12.0
42.0,46829.0,,9.0,43.0
47.0,29322.0,5.62,,9.0
25.0,69781.0,66.28,0.0,21.0
19.0,49699.0,12.64,0.0,3.0
61.0,65961.0,58.12,8.0,43.0
30.0,60890.0,,,9.0
27.0,44677.0,,5.0,29.0
38.0,,42.5,8.0,4.0
23.0,30979.0,70.56,7.0,
51.0,58879.0,44.62,7.0,
40.0,38495.0,65.81,9.0,37.0
28.0,30902.0,90.32,6.0,
46.0,43036.0,51.66,8.0,35.0
19.0,,85.29,6.0,29.0
57.0,44697.0,84.82,1.0,36.0
34.0,32027.0,28.94,7.0,47.0
20.0,49439.0,1.83,4.0,7.0
60.0,39077.0,93.69,6.0,23.0
,70239.0,3.3,2.0,34.0
49.0,53856.0,34.31,9.0,36.0
47.0,,66.18,9.0,7.0
63.0,,18.94,1.0,39.0
64.0,54865.0,8.12,3.0,16.0
20.0,27840.0,22.05,5.0,36.0
24.0,43548.0,32.46,1.0,
,57924.0,13.29,4.0,25.0
29.0,68479.0,71.57,,27.0
41.0,63425.0,55.4,6.0,1.0
58.0,72754.0,12.91,10.0,18.0
,59513.0,,7.0,18.0
30.0,55508.0,73.16,7.0,19.0
55.0,74425.0,49.72,8.0,47.0
47.0,34756.0,47.77,4.0,27.0
55.0,41927.0,54.12,3.0,18.0
56.0,24885.0,30.45,5.0,44.0
19.0,51967.0,22.31,7.0,27.0
60.0,48796.0,44.64,,37.0
61.0,47737.0,98.4,6.0,40.0
61.0,52319.0,74.73,8.0,17.0
49.0,34048.0,64.49,9.0,26.0
36.0,54837.0,51.46,8.0,18.0
52.0,44819.0,12.44,1.0,29.0
45.0,65162.0,97.7,0.0,7.0
49.0,49447.0,16.06,3.0,37.0
46.0,61595.0,30.94,4.0,2.0
47.0,44156.0,55.11,10.0,18.0
61.0,44054.0,49.26,6.0,33.0
46.0,55367.0,94.78,9.0,44.0
39.0,51002.0,77.0,9.0,19.0
47.0,58800.0,76.17,,23.0
32.0,49799.0,69.82,2.0,39.0
30.0,45248.0,87.13,6.0,
57.0,74392.0,29.03,9.0,
18.0,54736.0,98.65,4.0,39.0
55.0,59391.0,97.68,3.0,22.0
,61742.0,,9.0,36.0
56.0,60641.0,90.27,0.0,
25.0,25640.0,,0.0,41.0
,38339.0,19.67,7.0,16.0
28.0,54078.0,85.32,5.0,11.0
59.0,47620.0,98.67,,28.0
19.0,38617.0,88.2,6.0,21.0
48.0,36517.0,85.7,3.0,4.0
48.0,61181.0,,8.0,44.0
32.0,42010.0,78.89,1.0,24.0
28.0,15737.0,98.85,10.0,28.0
56.0,69668.0,70.14,1.0,10.0
63.0,45768.0,16.54,8.0,29.0
39.0,70521.0,,8.0,29.0
62.0,57995.0,29.81,3.0,8.0
63.0,74152.0,38.56,8.0,14.0
59.0,84999.0,,2.0,
47.0,44340.0,90.61,6.0,49.0
30.0,,69.01,6.0,25.0
50.0,62751.0,82.49,6.0,41.0
55.0,54288.0,,9.0,29.0
25.0,-802.0,71.92,3.0,
54.0,47252.0,0.78,7.0,24.0
,50381.0,39.58,6.0,8.0
43.0,42988.0,71.1,0.0,42.0
25.0,50253.0,78.1,1.0,22.0
41.0,54979.0,19.42,10.0,37.0
47.0,38165.0,,5.0,7.0
55.0,25656.0,,2.0,45.0
57.0,,7.68,4.0,23.0
,53935.0,97.76,0.0,32.0
24.0,38899.0,2.35,5.0,41.0
,48736.0,8.37,6.0,27.0
,50465.0,74.8,9.0,36.0
54.0,21806.0,56.44,2.0,35.0
41.0,84347.0,20.9,3.0,31.0
49.0,61258.0,27.71,1.0,37.0
54.0,55342.0,28.34,4.0,23.0
33.0,,68.83,4.0,46.0
39.0,23086.0,54.59,9.0,43.0
48.0,53866.0,,3.0,29.0
30.0,79346.0,10.95,8.0,
22.0,53509.0,65.25,,13.0
53.0,49180.0,40.3,1.0,
18.0,75735.0,9.33,5.0,16.0
35.0,45401.0,,0.0,29.0
19.0,81663.0,,1.0,25.0
28.0,83281.0,50.37,0.0,26.0
37.0,23883.0,72.53,10.0,23.0
37.0,,83.75,4.0,5.0
49.0,37692.0,13.18,3.0,
64.0,46058.0,,1.0,6.0
48.0,60463.0,29.49,6.0,33.0
45.0,32150.0,27.89,,38.0
39.0,49725.0,72.28,4.0,39.0
52.0,50849.0,51.39,10.0,45.0
48.0,40532.0,89.1,0.0,24.0
41.0,66679.0,56.61,1.0,17.0
18.0,42665.0,33.04,8.0,29.0
63.0,53735.0,53.92,3.0,40.0
19.0,40290.0,68.1,3.0,12.0
20.0,26727.0,88.96,4.0,49.0
19.0,37564.0,10.63,2.0,8.0
20.0,61083.0,80.92,1.0,
28.0,,63.33,7.0,43.0
59.0,34224.0,64.49,3.0,
46.0,69379.0,29.97,4.0,25.0
54.0,69045.0,,5.0,29.0
20.0,27840.0,22.05,5.0,36.0
45.0,,15.14,4.0,6.0
27.0,57676.0,,5.0,5.0
,,33.92,2.0,21.0
46.0,55602.0,99.48,5.0,12.0
58.0,61338.0,76.79,6.0,30.0
63.0,43733.0,53.28,7.0,4.0
57.0,39008.0,40.47,,11.0
48.0,61181.0,,8.0,44.0
32.0,44128.0,,5.0,28.0
21.0,48632.0,11.82,3.0,7.0
63.0,35003.0,48.36,6.0,24.0
52.0,52974.0,80.5,2.0,45.0
50.0,64118.0,21.77,9.0,3.0
47.0,48042.0,54.48,6.0,33.0
62.0,54226.0,61.41,9.0,34.0
55.0,30184.0,71.49,6.0,29.0
27.0,67254.0,49.04,1.0,
50.0,41415.0,77.27,6.0,23.0
,51199.0,89.51,2.0,46.0
61.0,,33.75,4.0,47.0
42.0,60840.0,71.79,0.0,6.0
32.0,34693.0,12.92,0.0,40.0
20.0,56901.0,2.08,6.0,24.0
45.0,58046.0,21.49,4.0,16.0
32.0,8584.0,93.76,9.0,27.0
50.0,,6.67,7.0,45.0
46.0,40934.0,,,31.0
41.0,53352.0,62.77,,13.0
,59279.0,64.21,,41.0
60.0,51607.0,81.76,7.0,38.0
26.0,51344.0,8.76,5.0,39.0
18.0,48731.0,13.64,5.0,7.0
19.0,46451.0,72.43,1.0,13.0
61.0,25485.0,5.06,8.0,
22.0,,70.74,8.0,24.0
29.0,,,,44.0
54.0,67159.0,81.53,6.0,24.0
45.0,39012.0,91.26,10.0,15.0
50.0,44476.0,69.49,9.0,18.0
39.0,49364.0,91.85,5.0,48.0
,37490.0,45.24,,28.0
18.0,54952.0,16.46,3.0,17.0
45.0,45886.0,2.58,6.0,13.0
31.0,41818.0,86.29,,26.0
42.0,32873.0,57.18,10.0,19.0
47.0,53807.0,28.46,5.0,
60.0,34445.0,45.03,0.0,18.0
38.0,55958.0,23.18,3.0,38.0
29.0,,47.3,4.0,9.0
19.0,43123.0,77.63,0.0,24.0
37.0,49089.0,99.29,,39.0
23.0,52582.0,89.97,2.0,24.0
60.0,60711.0,,2.0,26.0
40.0,51443.0,85.05,4.0,7.0
35.0,37296.0,81.72,4.0,11.0
19.0,60416.0,11.34,6.0,24.0
63.0,46320.0,43.1,10.0,20.0
38.0,42093.0,6.97,2.0,22.0
52.0,90495.0,69.47,0.0,25.0
28.0,69612.0,8.96,8.0,13.0
49.0,33994.0,34.56,10.0,9.0
45.0,67994.0,14.72,9.0,13.0
46.0,69124.0,61.51,7.0,41.0
35.0,,,0.0,43.0
58.0,53301.0,43.6,7.0,43.0
20.0,31571.0,,7.0,29.0
,78447.0,47.1,2.0,3.0
,,73.24,3.0,20.0
40.0,61191.0,,2.0,43.0
51.0,55301.0,54.73,8.0,39.0
26.0,72485.0,1.94,1.0,39.0
42.0,62098.0,82.52,0.0,
,,52.61,10.0,
,20462.0,83.73,2.0,
43.0,42300.0,38.59,5.0,
37.0,61636.0,17.74,1.0,41.0
38.0,,97.55,8.0,33.0
43.0,46730.0,83.64,4.0,
50.0,66114.0,45.02,3.0,17.0
42.0,,0.68,0.0,1.0
50.0,,61.92,10.0,27.0
34.0,50658.0,40.51,1.0,12.0
,,31.83,5.0,42.0
38.0,55823.0,30.88,6.0,10.0
61.0,45099.0,92.69,5.0,7.0
,71319.0,64.45,9.0,42.0
,30501.0,57.28,1.0,7.0
45.0,62868.0,8.82,7.0,47.0
19.0,48509.0,71.82,8.0,41.0
35.0,43774.0,32.3,7.0,16.0
23.0,68694.0,77.69,9.0,49.0
39.0,37155.0,67.84,0.0,48.0
35.0,56418.0,19.81,2.0,8.0
51.0,69104.0,86.92,1.0,48.0
24.0,54675.0,34.59,9.0,
54.0,37402.0,,10.0,26.0
34.0,,86.62,8.0,37.0
62.0,,13.14,0.0,6.0
32.0,48289.0,87.57,9.0,11.0
34.0,48164.0,76.75,0.0,38.0
58.0,41179.0,94.38,9.0,
19.0,53445.0,27.5,,34.0
61.0,40125.0,19.93,8.0,
19.0,37017.0,46.8,4.0,4.0
21.0,59845.0,30.69,6.0,14.0
,54695.0,2.5,0.0,29.0
52.0,41272.0,9.75,10.0,39.0
26.0,63893.0,28.79,2.0,2.0
53.0,41130.0,10.76,,4.0
,50087.0,38.67,6.0,
30.0,53125.0,41.07,0.0,6.0
27.0,42896.0,72.47,5.0,39.0
46.0,61565.0,86.56,1.0,32.0
52.0,68815.0,72.88,4.0,40.0
64.0,59465.0,73.91,8.0,23.0
46.0,49726.0,,10.0,22.0
40.0,35927.0,13.74,7.0,17.0
55.0,53298.0,39.73,8.0,26.0
35.0,68214.0,86.47,0.0,10.0
54.0,53448.0,,0.0,16.0
31.0,35098.0,80.41,5.0,41.0
42.0,46649.0,24.41,8.0,43.0
46.0,,47.65,3.0,8.0
52.0,61058.0,14.55,,
34.0,37335.0,71.91,9.0,29.0
20.0,79575.0,78.02,,
64.0,64440.0,26.74,9.0,31.0
23.0,33475.0,44.72,5.0,16.0
46.0,52724.0,97.61,4.0,7.0
36.0,57129.0,,10.0,29.0
42.0,59335.0,31.76,4.0,
43.0,71926.0,94.24,,
25.0,,28.65,2.0,17.0
43.0,28719.0,4.09,7.0,48.0
63.0,24237.0,29.74,,18.0
43.0,22395.0,77.44,6.0,26.0
20.0,36917.0,91.16,5.0,48.0
56.0,27236.0,29.1,0.0,3.0
,62196.0,49.92,1.0,10.0
30.0,52903.0,99.9,3.0,44.0
64.0,78235.0,44.6,9.0,24.0
,59921.0,39.91,9.0,17.0
22.0,68846.0,9.21,0.0,16.0
,66396.0,7.46,2.0,11.0
42.0,67112.0,62.15,0.0,49.0
,45479.0,10.25,8.0,17.0
27.0,52959.0,74.23,6.0,6.0
49.0,57931.0,59.8,4.0,19.0
18.0,51849.0,30.77,6.0,12.0
64.0,60544.0,18.69,3.0,26.0
35.0,65749.0,19.29,7.0,
41.0,53414.0,47.4,10.0,46.0
23.0,65263.0,14.84,1.0,32.0
58.0,62439.0,91.18,9.0,34.0
,56239.0,58.22,,19.0
20.0,35984.0,66.17,3.0,1.0
,25726.0,3.0,,
35.0,25283.0,28.23,2.0,17.0
56.0,72762.0,84.0,10.0,23.0
45.0,50904.0,12.41,0.0,
57.0,52036.0,,8.0,6.0
62.0,38103.0,87.16,2.0,19.0
19.0,58136.0,69.07,2.0,15.0
48.0,,93.54,5.0,30.0
57.0,35513.0,61.67,,42.0
,33147.0,8.43,9.0,32.0
36.0,66832.0,39.41,1.0,41.0
,,78.43,5.0,9.0
21.0,38007.0,88.36,3.0,10.0
39.0,,,7.0,7.0
36.0,64134.0,80.77,1.0,13.0
31.0,57581.0,41.98,10.0,13.0
29.0,51746.0,25.43,3.0,16.0
18.0,,61.79,7.0,3.0
46.0,46930.0,8.53,0.0,27.0
22.0,50214.0,82.22,0.0,35.0
47.0,73940.0,38.29,8.0,8.0
33.0,42698.0,47.44,7.0,15.0
57.0,52983.0,26.71,5.0,14.0
61.0,54696.0,11.56,4.0,44.0
,,13.76,10.0,7.0
20.0,38879.0,,1.0,8.0
54.0,47252.0,0.78,7.0,24.0
53.0,60527.0,44.48,4.0,9.0
31.0,,26.52,2.0,16.0
25.0,39211.0,29.92,8.0,8.0
50.0,66114.0,45.02,3.0,17.0
56.0,47504.0,61.4,7.0,41.0
61.0,47478.0,20.35,10.0,20.0
32.0,53093.0,17.21,5.0,38.0
49.0,19766.0,89.44,2.0,14.0
49.0,50148.0,37.3,5.0,
64.0,55446.0,40.24,0.0,12.0
52.0,57059.0,46.38,5.0,39.0
25.0,,57.96,4.0,22.0
35.0,,34.72,8.0,23.0
18.0,33718.0,75.0,6.0,42.0
22.0,45427.0,66.04,2.0,41.0
41.0,35910.0,33.88,1.0,47.0
35.0,47790.0,,8.0,33.0
37.0,52059.0,13.93,0.0,24.0
36.0,80029.0,58.12,7.0,5.0
24.0,22916.0,80.55,9.0,20.0
46.0,66095.0,9.14,5.0,35.0
25.0,55139.0,38.47,10.0,13.0
39.0,28048.0,24.88,3.0,43.0
61.0,74239.0,45.44,8.0,13.0
49.0,30055.0,65.22,6.0,25.0
23.0,37715.0,,10.0,23.0
32.0,27506.0,66.11,9.0,31.0
54.0,37460.0,14.2,9.0,2.0
29.0,68479.0,71.57,,27.0
56.0,60251.0,,0.0,7.0
54.0,46696.0,31.62,9.0,43.0
45.0,53472.0,46.95,,
20.0,,17.42,,20.0
54.0,62724.0,19.94,4.0,17.0
,46085.0,83.29,5.0,18.0
27.0,49451.0,94.85,2.0,7.0
27.0,74248.0,73.99,5.0,15.0
43.0,61769.0,,8.0,36.0
21.0,39946.0,63.84,8.0,35.0
41.0,64933.0,23.71,9.0,35.0
39.0,19295.0,61.37,6.0,4.0
,73094.0,83.64,,46.0
43.0,34205.0,42.6,8.0,10.0
,38770.0,51.16,5.0,49.0
33.0,48285.0,66.08,4.0,31.0
58.0,,81.71,5.0,5.0
60.0,,43.68,6.0,49.0
45.0,56379.0,70.6,3.0,
49.0,35010.0,55.33,,32.0
,37006.0,,0.0,1.0
55.0,65899.0,65.78,2.0,29.0
,70199.0,3.04,8.0,31.0
22.0,81160.0,1.26,8.0,5.0
18.0,34648.0,12.63,5.0,
31.0,44078.0,95.4,,38.0
37.0,59518.0,72.61,0.0,41.0
20.0,66142.0,67.37,9.0,25.0
43.0,59352.0,83.65,10.0,
29.0,35695.0,25.81,9.0,
48.0,,73.12,2.0,14.0
58.0,63132.0,32.86,,44.0
31.0,,72.51,9.0,11.0
38.0,56710.0,70.09,4.0,3.0
,57043.0,31.61,7.0,46.0
,58655.0,38.88,3.0,12.0
37.0,62194.0,99.46,6.0,47.0
63.0,44345.0,59.78,10.0,22.0
52.0,57359.0,6.58,8.0,32.0
32.0,32640.0,22.39,5.0,47.0
42.0,39785.0,60.95,9.0,10.0
27.0,47222.0,32.37,7.0,27.0
55.0,23526.0,98.39,1.0,1.0
41.0,71922.0,49.34,9.0,44.0
62.0,28775.0,14.32,7.0,26.0
58.0,42638.0,7.3,6.0,21.0
44.0,57418.0,65.19,4.0,37.0
41.0,41314.0,41.74,8.0,24.0
52.0,30108.0,24.56,4.0,23.0
63.0,60304.0,31.8,10.0,21.0
59.0,44614.0,25.56,10.0,
18.0,43115.0,,10.0,9.0
63.0,48862.0,89.36,,
49.0,55324.0,17.06,3.0,40.0
43.0,34706.0,78.25,8.0,32.0
52.0,16801.0,30.7,1.0,3.0
,74622.0,95.14,7.0,
60.0,69080.0,96.14,2.0,24.0
31.0,24496.0,20.84,9.0,36.0
53.0,63751.0,20.14,5.0,
57.0,25214.0,26.51,6.0,25.0
23.0,46885.0,0.68,0.0,31.0
52.0,68192.0,82.5,9.0,22.0
56.0,52180.0,89.81,0.0,23.0
36.0,52332.0,,4.0,9.0
41.0,,,4.0,
62.0,21132.0,53.76,1.0,36.0
42.0,50637.0,25.09,7.0,24.0
52.0,17504.0,22.58,,6.0
58.0,24500.0,56.93,4.0,16.0
34.0,32695.0,63.59,1.0,
19.0,46312.0,42.86,3.0,34.0
52.0,17504.0,22.58,,6.0
62.0,65181.0,2.22,5.0,10.0
51.0,55301.0,54.73,8.0,39.0
46.0,,51.83,2.0,32.0
36.0,40951.0,46.36,0.0,13.0
39.0,52440.0,53.0,0.0,43.0
38.0,54468.0,8.24,0.0,2.0
,43127.0,78.59,10.0,
46.0,,74.95,5.0,37.0
45.0,,39.33,2.0,42.0
55.0,55848.0,41.24,2.0,6.0
26.0,60399.0,94.73,,15.0
60.0,61071.0,75.93,0.0,41.0
64.0,,93.77,2.0,41.0
31.0,46105.0,5.24,10.0,40.0
55.0,57606.0,79.74,3.0,5.0
29.0,16859.0,93.78,8.0,12.0
50.0,47603.0,,9.0,3.0
54.0,58949.0,55.84,,16.0
24.0,,6.09,3.0,42.0
50.0,31515.0,23.68,9.0,2.0
,51016.0,19.11,,16.0
53.0,60450.0,,0.0,32.0
19.0,,76.8,3.0,30.0
,,,5.0,8.0
38.0,65496.0,6.39,10.0,3.0
,,75.37,5.0,16.0
21.0,56282.0,70.7,,
,31728.0,0.23,2.0,45.0
42.0,15175.0,25.87,3.0,3.0
46.0,44982.0,27.99,4.0,16.0
,30829.0,9.92,0.0,25.0
59.0,,1.37,0.0,17.0
43.0,45136.0,53.11,8.0,49.0
23.0,55568.0,61.92,1.0,7.0
62.0,59523.0,23.26,7.0,44.0
50.0,50287.0,88.7,1.0,23.0
22.0,62906.0,74.66,2.0,48.0
52.0,72409.0,1.92,9.0,4.0
51.0,52234.0,19.23,5.0,44.0
,47252.0,0.88,8.0,
21.0,25889.0,25.96,7.0,15.0
37.0,50152.0,27.41,0.0,15.0
22.0,64006.0,11.15,5.0,45.0
51.0,43337.0,33.82,1.0,27.0
19.0,31101.0,,6.0,36.0
56.0,63410.0,70.21,3.0,10.0
50.0,42984.0,71.28,1.0,1.0
,51296.0,54.57,,
57.0,72218.0,,4.0,24.0
41.0,17214.0,,6.0,1.0
38.0,48593.0,,10.0,43.0
20.0,56362.0,43.38,,21.0
64.0,52415.0,78.82,,
35.0,37360.0,33.2,5.0,36.0
25.0,40447.0,26.92,9.0,6.0
52.0,26281.0,,9.0,1.0
56.0,54496.0,9.18,4.0,16.0
31.0,61973.0,13.92,5.0,48.0
57.0,73748.0,69.62,0.0,6.0
37.0,62193.0,87.87,6.0,44.0
58.0,52414.0,1.77,,44.0
32.0,53394.0,62.86,,3.0
34.0,59721.0,2.89,0.0,26.0
18.0,78142.0,80.2,,33.0
62.0,37738.0,24.25,2.0,42.0
18.0,61596.0,77.75,1.0,45.0
,37064.0,28.36,,15.0
56.0,,89.57,10.0,21.0
40.0,29892.0,24.79,10.0,19.0
24.0,42374.0,5.77,7.0,39.0
54.0,60215.0,50.71,,21.0
41.0,50625.0,6.42,7.0,47.0
43.0,43749.0,67.97,,44.0
41.0,46094.0,22.57,3.0,7.0
32.0,38030.0,29.99,1.0,
38.0,51210.0,39.03,,26.0
26.0,40088.0,84.5,,47.0
29.0,,3.81,8.0,47.0
64.0,47744.0,11.11,1.0,1.0
46.0,70341.0,31.5,8.0,8.0
44.0,34862.0,6.09,8.0,24.0
18.0,48731.0,13.64,5.0,7.0
25.0,33154.0,45.03,2.0,7.0
47.0,61696.0,93.1,0.0,41.0
24.0,62994.0,94.69,0.0,24.0
23.0,42525.0,53.01,3.0,
33.0,57057.0,,5.0,18.0
44.0,49237.0,,0.0,48.0
52.0,33961.0,11.35,2.0,43.0
23.0,49624.0,47.55,,26.0
49.0,43988.0,82.37,3.0,15.0
,46740.0,85.71,4.0,41.0
,50314.0,72.75,4.0,7.0
21.0,40765.0,56.19,1.0,5.0
22.0,59265.0,24.74,7.0,13.0
,36305.0,11.73,,
50.0,66960.0,28.78,8.0,44.0
40.0,53544.0,88.48,6.0,
49.0,56533.0,16.91,4.0,48.0
29.0,57836.0,73.39,3.0,28.0
39.0,64060.0,,7.0,16.0
37.0,43834.0,41.37,9.0,47.0
61.0,54696.0,11.56,4.0,44.0
40.0,64227.0,30.3,1.0,16.0
43.0,-274.0,42.27,5.0,
53.0,50730.0,,,40.0
40.0,47472.0,51.73,3.0,2.0
25.0,54417.0,86.82,4.0,19.0
57.0,54400.0,44.05,8.0,28.0
54.0,45686.0,,,36.0
29.0,42674.0,85.89,0.0,11.0
24.0,28006.0,72.24,0.0,
50.0,20952.0,91.75,9.0,18.0
47.0,66254.0,62.96,,44.0
60.0,,96.95,5.0,16.0
64.0,38707.0,0.71,0.0,48.0
30.0,58380.0,13.05,3.0,
25.0,56444.0,22.23,2.0,36.0
,42344.0,21.52,5.0,10.0
,55754.0,2.78,4.0,34.0
31.0,65415.0,6.25,8.0,38.0
,36695.0,50.05,5.0,16.0
32.0,82862.0,22.15,3.0,4.0
47.0,41260.0,44.54,0.0,22.0
22.0,51697.0,6.37,4.0,44.0
32.0,59605.0,95.91,3.0,11.0
23.0,61857.0,78.65,5.0,47.0
26.0,44673.0,42.82,3.0,24.0
56.0,,12.71,9.0,
22.0,59847.0,24.22,8.0,15.0
48.0,,73.47,8.0,44.0
30.0,47137.0,43.86,0.0,14.0
45.0,71659.0,79.07,5.0,8.0
,56835.0,1.43,4.0,12.0
53.0,66307.0,58.39,0.0,26.0
34.0,65909.0,87.75,,16.0
,,75.28,0.0,45.0
28.0,60219.0,79.15,,22.0
38.0,65543.0,15.84,1.0,44.0
64.0,68783.0,17.84,,17.0
55.0,29263.0,85.68,2.0,3.0
47.0,63135.0,78.77,6.0,7.0
53.0,33596.0,71.74,7.0,44.0
63.0,40836.0,94.16,9.0,
37.0,54952.0,70.56,10.0,33.0
37.0,71517.0,5.71,5.0,
29.0,50833.0,,1.0,41.0
43.0,23627.0,62.11,10.0,40.0
,61935.0,25.36,,
,56294.0,98.66,5.0,37.0
26.0,31119.0,,9.0,14.0
31.0,43075.0,64.81,7.0,3.0
31.0,,69.58,0.0,6.0
46.0,,31.74,7.0,30.0
41.0,44617.0,33.58,0.0,44.0
34.0,30996.0,12.19,9.0,3.0
58.0,75542.0,12.46,0.0,3.0
52.0,,5.45,10.0,21.0
56.0,68578.0,94.39,7.0,12.0
,67132.0,39.86,1.0,29.0
45.0,54940.0,91.39,,
,,67.17,4.0,15.0
41.0,,96.96,6.0,29.0
62.0,74435.0,85.88,1.0,43.0
33.0,36854.0,21.77,0.0,5.0
52.0,43490.0,8.1,7.0,4.0
31.0,41640.0,32.84,2.0,14.0
40.0,69371.0,19.2,0.0,24.0
,53994.0,55.04,6.0,25.0
18.0,84173.0,2.56,4.0,18.0
61.0,79328.0,44.02,4.0,3.0
45.0,,92.43,7.0,26.0
51.0,43840.0,39.68,10.0,8.0
63.0,72596.0,,10.0,44.0
27.0,50449.0,50.0,2.0,43.0
64.0,37109.0,25.45,9.0,8.0
,45388.0,27.96,8.0,28.0
58.0,40976.0,89.88,7.0,34.0
56.0,40264.0,23.93,1.0,31.0
58.0,53825.0,86.86,,8.0
27.0,,41.31,,41.0
48.0,59785.0,50.7,,29.0
54.0,51660.0,47.22,10.0,22.0
57.0,57262.0,80.68,9.0,20.0
48.0,64967.0,31.83,3.0,31.0
,28341.0,74.09,7.0,
52.0,56073.0,95.46,9.0,26.0
39.0,59581.0,27.27,8.0,30.0
20.0,50072.0,86.62,0.0,45.0
49.0,72171.0,9.86,1.0,38.0
26.0,,,5.0,26.0
,36778.0,23.67,8.0,24.0
47.0,26107.0,76.52,7.0,35.0
51.0,33831.0,9.7,5.0,39.0
,40756.0,74.47,7.0,31.0
24.0,60027.0,79.72,6.0,19.0
27.0,74114.0,,,15.0
46.0,46445.0,79.65,10.0,3.0
58.0,55844.0,26.78,0.0,40.0
33.0,52127.0,27.69,2.0,24.0
53.0,37940.0,50.67,5.0,16.0
27.0,32270.0,94.36,10.0,4.0
21.0,35769.0,39.92,4.0,
64.0,58536.0,70.9,,
61.0,48661.0,78.3,4.0,45.0
49.0,10528.0,90.32,3.0,25.0
23.0,40574.0,,8.0,47.0
57.0,34739.0,14.35,,47.0
49.0,56522.0,14.36,0.0,39.0
19.0,10598.0,26.04,10.0,6.0
26.0,25030.0,45.71,,42.0
25.0,47640.0,74.64,,13.0
43.0,69754.0,30.63,9.0,33.0
62.0,41934.0,61.04,9.0,45.0
24.0,50876.0,25.94,2.0,17.0
40.0,46327.0,63.79,4.0,41.0
31.0,,85.8,,47.0
27.0,60413.0,42.0,,48.0
,45136.0,86.97,3.0,
23.0,46776.0,76.58,7.0,38.0
48.0,20623.0,3.24,5.0,48.0
35.0,66071.0,6.19,,49.0
54.0,44655.0,6.32,0.0,33.0
35.0,73477.0,91.72,7.0,37.0
21.0,25889.0,25.96,7.0,15.0
61.0,45158.0,65.79,4.0,8.0
22.0,39210.0,51.57,7.0,49.0
30.0,40392.0,9.25,10.0,43.0
48.0,40675.0,34.28,0.0,20.0
31.0,80499.0,91.78,6.0,23.0
42.0,42549.0,50.74,5.0,47.0
50.0,70187.0,74.64,10.0,2.0
54.0,42821.0,20.99,5.0,39.0
22.0,45427.0,66.04,2.0,41.0
41.0,41593.0,48.0,,21.0
32.0,75253.0,13.68,0.0,46.0
59.0,53498.0,58.27,0.0,10.0
53.0,66788.0,11.24,4.0,
,75429.0,33.93,10.0,
62.0,,4.27,8.0,48.0
21.0,71531.0,30.97,,23.0
28.0,47743.0,94.32,6.0,49.0
48.0,30288.0,55.55,0.0,33.0
35.0,47312.0,65.42,9.0,27.0
54.0,49795.0,,0.0,37.0
50.0,,38.77,7.0,28.0
28.0,41447.0,30.63,7.0,40.0
28.0,52774.0,82.77,9.0,10.0
28.0,39368.0,96.66,,21.0
21.0,52807.0,44.28,10.0,49.0
43.0,56690.0,9.11,9.0,30.0
62.0,73986.0,26.25,3.0,25.0
56.0,50119.0,76.39,6.0,29.0
47.0,37440.0,61.23,7.0,39.0
,,54.67,4.0,23.0
50.0,39343.0,93.25,9.0,26.0
50.0,39063.0,53.22,9.0,4.0
44.0,67410.0,,8.0,36.0
53.0,47869.0,62.2,10.0,12.0
47.0,40188.0,68.65,6.0,28.0
56.0,22544.0,30.28,5.0,48.0
42.0,71528.0,29.55,2.0,14.0
,40105.0,17.28,0.0,1.0
30.0,52163.0,50.07,8.0,21.0
24.0,62179.0,86.08,4.0,10.0
40.0,50433.0,6.86,6.0,31.0
18.0,44090.0,34.18,,5.0
29.0,74921.0,95.39,10.0,12.0
,40732.0,25.36,4.0,47.0
29.0,58434.0,81.16,6.0,29.0
36.0,43828.0,,5.0,25.0
56.0,17005.0,73.74,2.0,36.0
54.0,48981.0,62.84,6.0,28.0
56.0,39609.0,0.95,7.0,10.0
60.0,59992.0,98.12,9.0,5.0
34.0,,87.4,6.0,48.0
26.0,45175.0,29.96,,26.0
,27874.0,43.2,6.0,
57.0,51138.0,,0.0,16.0
40.0,44648.0,17.79,10.0,14.0
44.0,59937.0,68.07,7.0,28.0
,51720.0,20.95,4.0,46.0
62.0,88437.0,59.27,2.0,29.0
21.0,66169.0,50.25,0.0,25.0
60.0,21838.0,,8.0,12.0
56.0,,2.1,,13.0
19.0,56992.0,59.76,6.0,15.0
22.0,,24.36,5.0,
42.0,,13.2,2.0,12.0
49.0,12054.0,88.9,5.0,6.0
46.0,39515.0,49.73,6.0,16.0
62.0,,36.04,7.0,29.0
46.0,,,,12.0
39.0,75038.0,46.63,2.0,5.0
51.0,67571.0,86.36,8.0,17.0
41.0,49264.0,,3.0,23.0
36.0,58671.0,8.17,0.0,26.0
51.0,71825.0,67.4,1.0,5.0
,83182.0,53.54,6.0,9.0
26.0,56406.0,,0.0,
23.0,46794.0,92.41,5.0,13.0
54.0,56063.0,,0.0,33.0
36.0,44115.0,3.74,4.0,35.0
45.0,45453.0,21.82,3.0,9.0
49.0,41900.0,58.25,5.0,17.0
51.0,75109.0,1.23,1.0,30.0
64.0,65590.0,,2.0,44.0
30.0,43710.0,,7.0,45.0
,52530.0,,6.0,29.0
51.0,72752.0,40.11,5.0,5.0
53.0,43694.0,25.47,2.0,9.0
51.0,58965.0,50.79,9.0,3.0
47.0,29042.0,84.99,6.0,42.0
57.0,51966.0,38.75,1.0,10.0
27.0,42739.0,,2.0,4.0
30.0,,62.5,6.0,41.0
60.0,54725.0,0.02,6.0,6.0
28.0,32163.0,93.3,,8.0
25.0,52178.0,48.29,0.0,45.0
43.0,86516.0,79.19,8.0,22.0
64.0,36980.0,,0.0,41.0
,29819.0,37.81,7.0,33.0
32.0,51559.0,81.48,2.0,45.0
39.0,76485.0,28.92,4.0,15.0
40.0,55230.0,,5.0,
49.0,,60.48,8.0,48.0
19.0,62442.0,16.61,1.0,17.0
20.0,64366.0,78.52,2.0,12.0
46.0,33355.0,31.9,2.0,37.0
18.0,,11.12,6.0,40.0
49.0,52357.0,93.15,10.0,13.0
23.0,66347.0,69.96,9.0,5.0
,54521.0,33.8,6.0,
21.0,72035.0,0.74,5.0,45.0
63.0,30907.0,48.9,6.0,37.0
42.0,60951.0,32.0,2.0,
23.0,50587.0,80.02,,32.0
38.0,38030.0,97.52,3.0,33.0
21.0,45637.0,59.2,2.0,7.0
55.0,70232.0,96.21,10.0,32.0
,37455.0,41.89,4.0,3.0
25.0,24664.0,93.67,,
28.0,43882.0,16.59,,24.0
54.0,48862.0,15.19,6.0,6.0
50.0,33282.0,45.21,2.0,1.0
61.0,53488.0,75.92,7.0,21.0
24.0,56391.0,31.79,0.0,16.0
38.0,70071.0,36.41,0.0,26.0
28.0,47743.0,94.32,6.0,49.0
59.0,39557.0,50.25,0.0,10.0
42.0,59767.0,49.21,2.0,35.0
31.0,62766.0,13.72,8.0,1.0
38.0,57549.0,31.4,9.0,42.0
31.0,70170.0,71.56,2.0,26.0
18.0,47750.0,19.32,1.0,4.0
64.0,86110.0,2.69,3.0,47.0
22.0,45913.0,17.16,10.0,43.0
,61522.0,17.57,10.0,7.0
50.0,70514.0,25.67,9.0,42.0
33.0,62430.0,32.86,3.0,39.0
64.0,,35.19,,
47.0,62805.0,61.72,8.0,6.0
45.0,35869.0,,1.0,40.0
19.0,60886.0,32.27,10.0,26.0
36.0,73820.0,,6.0,31.0
37.0,51941.0,39.68,5.0,15.0
30.0,68647.0,73.82,5.0,23.0
46.0,50423.0,60.55,3.0,
56.0,,84.48,10.0,7.0
64.0,51753.0,46.88,,19.0
46.0,28943.0,,0.0,48.0
26.0,31119.0,,9.0,14.0
29.0,45927.0,,4.0,42.0
54.0,62245.0,45.8,8.0,
,44960.0,29.57,10.0,6.0
39.0,54071.0,56.24,,1.0
56.0,32211.0,92.43,10.0,22.0
19.0,30627.0,41.44,1.0,11.0
64.0,67700.0,4.79,1.0,14.0
33.0,65818.0,,10.0,48.0
25.0,57757.0,89.02,2.0,8.0
37.0,48994.0,51.41,0.0,
52.0,47022.0,17.3,0.0,21.0
,34793.0,1.46,9.0,1.0
18.0,,3.17,7.0,11.0
43.0,53981.0,,10.0,49.0
42.0,29931.0,54.99,10.0,3.0
60.0,27664.0,92.86,9.0,36.0
46.0,,20.66,10.0,47.0
19.0,73525.0,32.58,1.0,11.0
39.0,11939.0,97.28,9.0,1.0
28.0,45002.0,51.32,8.0,14.0
64.0,66828.0,10.72,10.0,11.0
64.0,57605.0,34.05,4.0,19.0
53.0,55587.0,18.05,4.0,3.0
31.0,80387.0,5.54,6.0,21.0
63.0,36710.0,66.37,3.0,
,44093.0,41.24,8.0,
64.0,61737.0,46.61,0.0,
36.0,73190.0,89.36,7.0,27.0
59.0,48875.0,31.73,7.0,8.0
22.0,47142.0,,1.0,25.0
53.0,48327.0,0.97,6.0,
33.0,12274.0,99.44,9.0,15.0
64.0,67371.0,67.35,4.0,26.0
22.0,,5.25,6.0,31.0
19.0,40413.0,13.07,6.0,2.0
43.0,56654.0,48.74,3.0,20.0
26.0,49863.0,4.33,,26.0
41.0,53536.0,77.04,1.0,38.0
54.0,,61.83,1.0,13.0
52.0,52074.0,87.66,2.0,49.0
33.0,48035.0,67.89,3.0,23.0
,30653.0,,8.0,13.0
40.0,56125.0,4.7,10.0,3.0
29.0,73111.0,46.69,0.0,35.0
56.0,25723.0,44.39,8.0,48.0
48.0,49592.0,37.0,10.0,33.0
41.0,51701.0,65.04,,46.0
54.0,46802.0,99.76,2.0,16.0
49.0,47910.0,,9.0,16.0
52.0,57703.0,34.48,4.0,1.0
20.0,40786.0,62.85,3.0,
34.0,71713.0,7.43,4.0,23.0
22.0,,82.11,0.0,33.0
60.0,49328.0,8.43,2.0,41.0
58.0,55364.0,73.97,0.0,4.0
52.0,51715.0,81.61,8.0,38.0
,32094.0,66.69,10.0,40.0
23.0,,19.43,0.0,38.0
44.0,42369.0,75.03,10.0,1.0
22.0,37113.0,21.66,6.0,23.0
47.0,25449.0,21.52,2.0,45.0
50.0,41560.0,64.16,5.0,49.0
42.0,56710.0,3.09,6.0,1.0
34.0,68737.0,59.41,1.0,31.0
35.0,26490.0,24.37,8.0,42.0
40.0,36302.0,62.27,,49.0
20.0,,0.21,4.0,41.0
27.0,57676.0,,5.0,5.0
59.0,73267.0,77.77,1.0,29.0
64.0,,1.89,0.0,6.0
55.0,34892.0,47.82,7.0,30.0
26.0,56683.0,72.22,,5.0
58.0,47537.0,41.37,10.0,
21.0,78720.0,57.96,5.0,29.0
57.0,60626.0,80.51,4.0,17.0
25.0,65494.0,9.25,,6.0
40.0,54100.0,62.0,2.0,18.0
46.0,66095.0,9.14,5.0,35.0
36.0,44325.0,74.34,,1.0
32.0,48730.0,80.81,6.0,1.0
54.0,61893.0,,3.0,15.0
33.0,53628.0,89.12,7.0,9.0
39.0,35405.0,88.26,0.0,44.0
52.0,12671.0,37.59,4.0,9.0
63.0,59494.0,51.33,,5.0
43.0,33625.0,,9.0,19.0
43.0,20075.0,57.34,7.0,28.0
34.0,58589.0,21.31,9.0,30.0
20.0,27426.0,36.08,2.0,46.0
59.0,33220.0,70.07,10.0,2.0
29.0,47461.0,52.49,,31.0
31.0,61089.0,53.15,0.0,
47.0,69972.0,93.25,0.0,7.0
49.0,,61.11,9.0,38.0
53.0,,26.09,4.0,4.0
57.0,54954.0,7.53,9.0,29.0
61.0,45481.0,79.31,5.0,42.0
55.0,59817.0,13.35,5.0,35.0
57.0,61755.0,45.43,8.0,13.0
39.0,52608.0,32.43,4.0,36.0
,46830.0,94.55,7.0,
46.0,54771.0,1.85,7.0,26.0
23.0,42448.0,85.83,9.0,45.0
21.0,58652.0,46.26,3.0,41.0
41.0,53506.0,48.85,7.0,14.0
27.0,50663.0,41.59,10.0,17.0
58.0,64427.0,1.44,,19.0
51.0,64663.0,82.05,8.0,36.0
26.0,55173.0,23.04,10.0,6.0
47.0,49092.0,89.43,8.0,42.0
34.0,64691.0,,8.0,19.0
63.0,47431.0,1.46,1.0,43.0
26.0,31375.0,27.45,8.0,29.0
25.0,85205.0,54.74,9.0,4.0
23.0,,48.35,6.0,28.0
22.0,53969.0,44.53,8.0,46.0
28.0,,27.97,4.0,21.0
57.0,87008.0,30.15,5.0,36.0
34.0,42537.0,,8.0,19.0
21.0,47772.0,31.16,2.0,35.0
50.0,40036.0,46.7,1.0,36.0
47.0,61427.0,,10.0,15.0
53.0,52727.0,20.7,10.0,2.0
27.0,62971.0,2.21,3.0,5.0
27.0,54604.0,80.79,,14.0
33.0,61013.0,11.65,3.0,27.0
64.0,50643.0,83.84,2.0,7.0
20.0,45097.0,,1.0,10.0
61.0,66631.0,51.29,5.0,8.0
52.0,81235.0,6.14,7.0,27.0
23.0,35059.0,86.9,10.0,7.0
34.0,54716.0,45.78,3.0,14.0
42.0,73741.0,48.99,7.0,14.0
51.0,64133.0,86.07,5.0,28.0
,47115.0,16.46,3.0,15.0
32.0,75253.0,13.68,0.0,46.0
,63058.0,46.41,3.0,6.0
57.0,64310.0,34.95,7.0,17.0
33.0,62043.0,47.22,3.0,26.0
36.0,32672.0,,0.0,32.0
42.0,45965.0,19.03,9.0,34.0
54.0,52608.0,90.28,1.0,
,,51.32,7.0,23.0
45.0,58045.0,97.75,8.0,20.0
42.0,52616.0,,0.0,28.0
47.0,55116.0,62.89,9.0,42.0
18.0,,22.18,,3.0
,46742.0,50.81,3.0,26.0
,53593.0,,4.0,27.0
56.0,58045.0,13.33,3.0,8.0
,49426.0,13.97,6.0,29.0
,35449.0,8.71,3.0,25.0
,54703.0,95.58,9.0,16.0
62.0,25381.0,54.5,7.0,30.0
49.0,47829.0,83.32,,10.0
57.0,78451.0,92.96,9.0,40.0
62.0,31791.0,71.44,4.0,36.0
57.0,57797.0,,,27.0
27.0,54605.0,5.54,4.0,43.0
,37040.0,63.19,2.0,22.0
38.0,48456.0,30.42,0.0,42.0
32.0,,23.16,10.0,29.0
51.0,37653.0,76.6,1.0,38.0
31.0,46176.0,8.71,10.0,32.0
52.0,63749.0,75.91,10.0,43.0
51.0,43637.0,4.2,4.0,16.0
25.0,37813.0,82.06,3.0,16.0
58.0,74912.0,34.43,0.0,38.0
,56042.0,68.04,4.0,34.0
64.0,49448.0,81.58,4.0,9.0
41.0,26929.0,32.38,3.0,16.0
26.0,75899.0,,1.0,6.0
,39418.0,93.87,,4.0
59.0,33220.0,70.07,10.0,2.0
57.0,45371.0,79.0,1.0,19.0
36.0,51691.0,24.26,8.0,32.0
50.0,,66.0,5.0,
,24218.0,65.08,1.0,48.0
57.0,20717.0,76.81,5.0,16.0
51.0,33813.0,86.96,3.0,42.0
51.0,,83.24,9.0,45.0
52.0,47874.0,20.78,6.0,45.0
52.0,43603.0,65.59,3.0,17.0
56.0,79154.0,46.42,,12.0
42.0,41979.0,85.22,5.0,25.0
47.0,52274.0,53.14,9.0,1.0
39.0,34771.0,,1.0,9.0
23.0,33731.0,62.02,0.0,37.0
54.0,82048.0,33.89,1.0,22.0
53.0,29756.0,83.95,5.0,37.0
52.0,48152.0,58.77,7.0,26.0
51.0,28406.0,13.9,9.0,49.0
56.0,63021.0,6.1,6.0,
,38269.0,83.86,2.0,32.0
61.0,58578.0,82.18,3.0,41.0
46.0,46065.0,28.41,10.0,13.0
21.0,48043.0,38.09,2.0,11.0
29.0,48523.0,28.24,9.0,14.0
19.0,,79.51,2.0,44.0
19.0,45128.0,9.56,,34.0
29.0,,51.22,10.0,19.0
40.0,51085.0,64.75,2.0,33.0
26.0,43055.0,53.52,1.0,29.0
48.0,64512.0,34.19,10.0,13.0
,43052.0,65.23,3.0,10.0
20.0,51663.0,71.27,7.0,30.0
57.0,28147.0,48.72,3.0,25.0
40.0,,49.9,1.0,18.0
37.0,31538.0,98.88,10.0,2.0
19.0,,12.92,2.0,24.0
60.0,39077.0,93.69,6.0,23.0
,64234.0,33.73,2.0,35.0
58.0,58732.0,39.8,1.0,36.0
35.0,64164.0,82.75,4.0,11.0
40.0,50730.0,83.72,1.0,24.0
20.0,,,2.0,
36.0,60408.0,67.14,5.0,29.0
,60765.0,34.78,1.0,
62.0,51704.0,76.59,10.0,7.0
42.0,45233.0,9.27,9.0,16.0
53.0,,62.53,9.0,17.0
43.0,56377.0,63.34,3.0,34.0
44.0,65039.0,28.38,2.0,9.0
45.0,,18.34,9.0,3.0
58.0,67428.0,15.18,,38.0
25.0,53748.0,4.81,2.0,30.0
60.0,44053.0,7.92,8.0,
36.0,67930.0,87.26,6.0,3.0
58.0,24500.0,56.93,4.0,16.0
19.0,35149.0,83.02,10.0,11.0
28.0,51465.0,93.08,1.0,35.0
56.0,,2.1,,13.0
36.0,10643.0,51.3,6.0,41.0
41.0,46987.0,,,43.0
,54743.0,58.48,6.0,10.0
46.0,49726.0,,10.0,22.0
64.0,20998.0,89.34,4.0,4.0
43.0,50486.0,18.54,7.0,6.0
56.0,36544.0,26.68,5.0,4.0
26.0,56925.0,91.08,7.0,5.0
24.0,43506.0,83.3,2.0,15.0
,42937.0,11.82,4.0,30.0
35.0,47020.0,51.48,3.0,5.0
29.0,68968.0,,5.0,46.0
18.0,41087.0,58.97,9.0,17.0
62.0,,74.57,2.0,9.0
39.0,,42.96,8.0,35.0
49.0,86986.0,80.6,6.0,3.0
37.0,20966.0,0.68,8.0,9.0
54.0,46866.0,48.74,,35.0
60.0,40581.0,36.94,10.0,
55.0,,86.25,2.0,31.0
56.0,59277.0,32.61,6.0,
38.0,,43.41,2.0,1.0
56.0,33087.0,98.52,3.0,
32.0,40700.0,48.47,7.0,37.0
43.0,34022.0,63.6,6.0,
59.0,62311.0,26.25,7.0,19.0
62.0,,25.57,6.0,18.0
46.0,49311.0,61.64,,5.0
28.0,49076.0,54.4,6.0,11.0
29.0,67762.0,2.16,10.0,18.0
31.0,39959.0,5.57,0.0,36.0
45.0,48457.0,56.54,2.0,30.0
,62979.0,84.2,9.0,19.0
35.0,,98.58,9.0,
34.0,,30.58,9.0,
40.0,51043.0,35.97,5.0,
38.0,48593.0,,10.0,43.0
59.0,42704.0,93.23,,
33.0,,44.12,,22.0
58.0,67428.0,15.18,,38.0
20.0,39746.0,62.81,6.0,27.0
28.0,38597.0,0.81,0.0,46.0
52.0,71303.0,31.6,9.0,16.0
23.0,68694.0,77.69,9.0,49.0
64.0,62133.0,29.57,,22.0
25.0,65336.0,62.65,5.0,
44.0,29283.0,33.73,8.0,41.0
54.0,23681.0,73.89,,23.0
52.0,81235.0,6.14,7.0,27.0
36.0,69676.0,27.18,2.0,
43.0,51280.0,10.8,9.0,13.0
54.0,50582.0,55.74,7.0,46.0
,38291.0,39.23,,38.0
35.0,57980.0,81.61,7.0,2.0
45.0,84505.0,41.91,1.0,25.0
39.0,53964.0,9.83,3.0,3.0
30.0,55192.0,83.15,6.0,22.0
34.0,43462.0,23.13,7.0,
49.0,55034.0,80.55,9.0,
39.0,82846.0,24.95,9.0,26.0
58.0,63026.0,,8.0,33.0
31.0,45921.0,93.87,1.0,38.0
54.0,73414.0,60.23,10.0,15.0
42.0,28579.0,72.31,10.0,47.0
39.0,61368.0,71.74,8.0,30.0
32.0,51215.0,86.35,1.0,6.0
40.0,,7.67,6.0,27.0
55.0,34524.0,13.84,3.0,
61.0,55512.0,,5.0,16.0
40.0,32028.0,0.09,8.0,46.0
29.0,71860.0,68.73,10.0,14.0
54.0,60116.0,43.86,6.0,33.0
29.0,46865.0,26.07,9.0,1.0
20.0,63231.0,66.63,1.0,
51.0,56367.0,24.23,1.0,48.0
,,27.44,2.0,19.0
,68085.0,88.44,6.0,
55.0,65767.0,58.26,10.0,44.0
25.0,63216.0,68.4,5.0,
51.0,,44.38,,2.0
49.0,,51.05,8.0,28.0
21.0,11847.0,39.66,1.0,48.0
,37877.0,93.17,2.0,4.0
37.0,66871.0,,1.0,5.0
49.0,43488.0,32.58,7.0,4.0
25.0,44670.0,37.15,1.0,16.0
33.0,,82.06,7.0,22.0
49.0,28202.0,55.38,9.0,49.0
55.0,58307.0,52.36,8.0,26.0
50.0,,99.15,8.0,49.0
46.0,48876.0,16.75,0.0,7.0
23.0,81641.0,98.08,1.0,2.0
22.0,60982.0,18.28,8.0,44.0
,30884.0,82.97,10.0,
24.0,41843.0,12.78,1.0,39.0
40.0,51085.0,64.75,2.0,33.0
62.0,48363.0,62.42,1.0,41.0
34.0,44765.0,96.52,0.0,16.0
32.0,27506.0,66.11,9.0,31.0
49.0,53284.0,87.93,4.0,
46.0,41176.0,10.64,5.0,38.0
60.0,38081.0,22.46,0.0,
50.0,56922.0,19.32,0.0,22.0
28.0,46043.0,68.94,,8.0
30.0,68647.0,73.82,5.0,23.0
29.0,49151.0,17.4,7.0,44.0
22.0,47038.0,31.91,0.0,37.0
49.0,29696.0,79.63,1.0,44.0
,54467.0,42.69,9.0,7.0
,49414.0,9.06,3.0,42.0
49.0,72240.0,,9.0,49.0
57.0,67466.0,69.77,9.0,17.0
25.0,,27.78,,17.0
,45455.0,86.35,1.0,35.0
34.0,53481.0,52.76,10.0,8.0
46.0,41640.0,67.24,,
18.0,34973.0,79.05,6.0,37.0
57.0,46726.0,,10.0,16.0
43.0,52420.0,32.59,6.0,29.0
54.0,33088.0,80.3,2.0,29.0
57.0,44697.0,84.82,1.0,36.0
29.0,,,9.0,20.0
26.0,59285.0,,8.0,34.0
26.0,40887.0,72.11,3.0,26.0
22.0,43426.0,2.92,10.0,23.0
20.0,,87.51,0.0,3.0
48.0,62151.0,21.27,7.0,33.0
51.0,46921.0,21.77,,2.0
27.0,14124.0,3.33,6.0,40.0
39.0,30379.0,79.65,9.0,20.0
20.0,50691.0,47.87,6.0,37.0
49.0,45466.0,43.71,,20.0
45.0,58807.0,6.22,1.0,19.0
38.0,65811.0,20.6,0.0,8.0
58.0,33340.0,86.25,0.0,
36.0,29638.0,5.92,7.0,27.0
24.0,38414.0,19.58,8.0,21.0
51.0,59895.0,29.65,0.0,28.0
31.0,36448.0,6.93,4.0,38.0
61.0,54004.0,62.68,1.0,9.0
49.0,66047.0,50.46,6.0,33.0
53.0,48327.0,0.97,6.0,
32.0,37698.0,98.1,1.0,37.0
,48265.0,46.07,4.0,23.0
54.0,45767.0,80.68,,28.0
31.0,53869.0,,6.0,49.0
,40284.0,23.31,10.0,16.0
55.0,68126.0,16.49,3.0,46.0
42.0,61168.0,45.68,8.0,36.0
43.0,65849.0,,8.0,17.0
56.0,69357.0,99.83,4.0,15.0
43.0,48028.0,33.11,8.0,
30.0,42079.0,76.48,3.0,36.0
42.0,56710.0,3.09,6.0,1.0
50.0,61461.0,48.27,7.0,23.0
40.0,68161.0,89.51,1.0,17.0
50.0,45151.0,47.63,8.0,29.0
41.0,54241.0,81.36,3.0,13.0
39.0,44631.0,45.22,3.0,
45.0,18050.0,,,31.0
57.0,67953.0,19.52,7.0,35.0
60.0,67950.0,,7.0,26.0
59.0,55464.0,49.93,9.0,45.0
19.0,47219.0,85.37,9.0,
40.0,52526.0,20.38,8.0,46.0
36.0,38921.0,44.76,10.0,19.0
22.0,32199.0,48.44,10.0,49.0
30.0,,74.23,8.0,7.0
30.0,53648.0,40.79,2.0,33.0
59.0,49722.0,21.99,9.0,13.0
39.0,53776.0,42.88,1.0,
55.0,43574.0,20.56,8.0,42.0
40.0,44559.0,73.02,0.0,23.0
41.0,67254.0,40.15,3.0,43.0
47.0,60072.0,31.03,6.0,12.0
,42448.0,31.07,0.0,37.0
25.0,39267.0,62.04,2.0,
19.0,61794.0,2.0,5.0,47.0
32.0,59036.0,29.8,2.0,13.0
28.0,47288.0,52.17,0.0,27.0
29.0,60473.0,86.63,6.0,8.0
37.0,80354.0,92.8,,
19.0,38059.0,94.05,0.0,4.0
,34264.0,41.05,9.0,
62.0,49259.0,38.75,8.0,5.0
28.0,,41.12,,28.0
27.0,74608.0,44.44,7.0,9.0
48.0,67396.0,16.61,3.0,36.0
35.0,58245.0,43.53,5.0,26.0
25.0,27963.0,78.16,9.0,43.0
,,,2.0,16.0
26.0,36739.0,5.1,9.0,41.0
19.0,54901.0,53.47,10.0,45.0
58.0,52415.0,70.11,8.0,19.0
27.0,63223.0,68.57,7.0,31.0
56.0,,12.71,9.0,
28.0,37915.0,31.57,9.0,1.0
52.0,58630.0,90.77,,24.0
37.0,69339.0,11.58,6.0,30.0
38.0,58690.0,42.59,6.0,42.0
46.0,69598.0,50.35,3.0,36.0
50.0,72054.0,53.56,,12.0
58.0,32565.0,73.85,5.0,2.0
64.0,45728.0,5.57,10.0,28.0
58.0,43702.0,98.37,9.0,45.0
46.0,48858.0,35.19,7.0,3.0
24.0,53141.0,9.7,3.0,21.0
25.0,54179.0,7.1,10.0,43.0
53.0,47869.0,62.2,10.0,12.0
49.0,73167.0,79.14,7.0,
53.0,,58.65,2.0,29.0
59.0,38331.0,87.62,4.0,28.0
58.0,,2.48,7.0,8.0
,40386.0,44.83,10.0,15.0
53.0,25656.0,12.54,6.0,9.0
43.0,64305.0,85.14,,
37.0,51414.0,68.69,4.0,
48.0,33278.0,4.61,2.0,28.0
48.0,46920.0,56.86,6.0,23.0
48.0,56432.0,14.3,8.0,9.0
37.0,23883.0,72.53,10.0,23.0
44.0,81585.0,75.69,7.0,48.0
31.0,62562.0,,5.0,24.0
32.0,30795.0,60.14,5.0,25.0
54.0,58687.0,68.27,3.0,20.0
41.0,59462.0,84.89,9.0,17.0
32.0,82862.0,22.15,3.0,4.0
22.0,18261.0,45.13,8.0,29.0
22.0,41429.0,77.94,10.0,
,,50.1,3.0,33.0
35.0,45560.0,69.52,5.0,
47.0,,,5.0,44.0
,22868.0,,4.0,24.0
34.0,32648.0,2.47,1.0,22.0
54.0,48862.0,15.19,6.0,6.0
46.0,69379.0,29.97,4.0,25.0
33.0,73534.0,51.72,6.0,34.0
37.0,39672.0,19.48,9.0,47.0
,65478.0,75.05,2.0,45.0
60.0,12242.0,64.31,3.0,15.0
18.0,70067.0,34.62,8.0,6.0
26.0,35056.0,20.71,,42.0
29.0,72165.0,62.52,5.0,25.0
40.0,64683.0,12.56,1.0,17.0
31.0,37799.0,61.86,2.0,37.0
39.0,,24.65,4.0,23.0
48.0,45596.0,30.6,8.0,11.0
23.0,26757.0,52.36,2.0,29.0
41.0,57397.0,,4.0,21.0
44.0,47447.0,19.17,5.0,34.0
52.0,62840.0,90.89,2.0,37.0
18.0,62745.0,,3.0,7.0
55.0,66373.0,28.23,10.0,36.0
35.0,35890.0,92.58,1.0,
31.0,53114.0,96.77,7.0,13.0
,33072.0,,8.0,10.0
26.0,54197.0,79.31,3.0,7.0
64.0,57856.0,32.07,10.0,7.0
32.0,70015.0,7.96,8.0,34.0
26.0,51788.0,59.31,9.0,26.0
44.0,50663.0,85.72,4.0,2.0
21.0,46412.0,91.02,,4.0
32.0,70477.0,20.81,7.0,38.0
40.0,51443.0,85.05,4.0,7.0
23.0,52827.0,8.4,6.0,2.0
62.0,52423.0,31.87,,
50.0,58200.0,,0.0,33.0
,68579.0,,4.0,19.0
55.0,39732.0,4.03,4.0,1.0
30.0,31203.0,13.51,4.0,
18.0,52265.0,52.25,8.0,15.0
,75052.0,45.77,10.0,31.0
18.0,41024.0,10.47,8.0,
58.0,58732.0,39.8,1.0,36.0
18.0,70067.0,34.62,8.0,6.0
52.0,65120.0,,0.0,31.0
18.0,58636.0,8.2,3.0,17.0
,42146.0,12.19,0.0,33.0
58.0,59293.0,57.02,9.0,27.0
53.0,,5.45,5.0,23.0
33.0,,,6.0,
,64030.0,26.07,,3.0
22.0,63551.0,35.8,6.0,25.0
61.0,45119.0,57.04,1.0,2.0
41.0,48903.0,57.97,7.0,22.0
,,31.57,0.0,24.0
,42373.0,78.51,1.0,
31.0,36432.0,6.81,10.0,49.0
18.0,49541.0,11.19,9.0,21.0
38.0,31689.0,28.14,6.0,
30.0,33511.0,71.54,10.0,25.0
,48510.0,81.23,0.0,24.0
50.0,43472.0,,,4.0
43.0,44800.0,62.41,5.0,45.0
,,63.56,8.0,14.0
39.0,45127.0,69.95,6.0,41.0
56.0,61833.0,58.9,7.0,40.0
42.0,38494.0,79.42,9.0,3.0
51.0,44722.0,27.11,,44.0
44.0,74422.0,25.51,,29.0
20.0,,79.14,4.0,3.0
38.0,28403.0,25.75,10.0,2.0
22.0,40871.0,37.82,6.0,11.0
44.0,39868.0,58.81,3.0,42.0
,23591.0,,3.0,38.0
31.0,40527.0,91.17,3.0,26.0
26.0,58999.0,49.69,5.0,17.0
47.0,40750.0,99.33,,40.0
46.0,,,,44.0
47.0,61427.0,,10.0,15.0
44.0,24691.0,96.38,2.0,33.0
39.0,44905.0,32.92,9.0,19.0
22.0,45239.0,98.12,,41.0
60.0,36468.0,81.51,,47.0
25.0,50415.0,37.39,2.0,35.0
27.0,,33.37,4.0,22.0
63.0,39904.0,11.95,2.0,34.0
26.0,45175.0,29.96,,26.0
60.0,49325.0,23.6,,48.0
38.0,33774.0,47.83,,
22.0,40871.0,37.82,6.0,11.0
31.0,51364.0,73.44,,26.0
39.0,35114.0,59.94,,35.0
61.0,69018.0,94.54,0.0,40.0
28.0,54525.0,81.34,2.0,45.0
,38247.0,1.46,3.0,43.0
61.0,46145.0,15.39,10.0,32.0
41.0,63491.0,75.02,3.0,26.0
19.0,,79.51,2.0,44.0
56.0,34941.0,,7.0,5.0
23.0,14540.0,71.29,,13.0
41.0,37804.0,44.42,4.0,18.0
21.0,77230.0,23.5,0.0,2.0
39.0,63102.0,21.83,10.0,
32.0,52647.0,3.49,8.0,4.0
38.0,65438.0,78.32,8.0,1.0
59.0,73033.0,1.91,0.0,34.0
31.0,56195.0,10.56,10.0,25.0
21.0,18681.0,6.57,9.0,43.0
,50522.0,96.65,5.0,4.0
32.0,41209.0,43.44,3.0,21.0
45.0,66130.0,66.98,1.0,
30.0,,52.09,,9.0
43.0,39454.0,25.36,1.0,38.0
26.0,64746.0,20.21,7.0,30.0
27.0,74125.0,85.82,5.0,31.0
20.0,58614.0,55.05,7.0,48.0
37.0,64221.0,48.81,1.0,17.0
57.0,,58.84,6.0,22.0
39.0,46698.0,10.06,8.0,16.0
43.0,34901.0,62.7,2.0,22.0
38.0,71886.0,44.36,7.0,18.0
20.0,49887.0,18.75,6.0,33.0
50.0,61461.0,48.27,7.0,23.0
56.0,30187.0,78.91,8.0,30.0
,30798.0,12.07,0.0,10.0
32.0,87190.0,95.03,0.0,
,67017.0,19.45,10.0,13.0
22.0,63602.0,92.15,1.0,28.0
,49270.0,10.24,4.0,19.0
49.0,82986.0,,5.0,43.0
24.0,37949.0,45.96,1.0,48.0
,,73.59,3.0,8.0
20.0,73191.0,78.63,10.0,35.0
,49446.0,3.88,7.0,45.0
62.0,43400.0,63.21,8.0,4.0
50.0,30683.0,98.58,2.0,42.0
,52666.0,82.85,,28.0
